{
  "created_at": "2025-10-22T16:53:37.355227Z",
  "risk_level": "LOW",
  "score": 0.03294041492833605,
  "reason": "login_failed_count_15m(-0.068), login_failed(+0.004), conn_suspicious(+0.000), process.command_line_entropy(+0.000), login_failed_count_1m(+0.000)",
  "iocs": [
    {
      "type": "source.ip",
      "value": "10.0.0.13"
    },
    {
      "type": "host.name",
      "value": "host-a"
    },
    {
      "type": "user.name",
      "value": "bob"
    }
  ],
  "actions": [
    "Review correlated events in the provided context.",
    "Verify account activity and process tree.",
    "Isolate endpoint if needed; rotate credentials."
  ],
  "markdown": "# AI Alert Analysis\n\n- Time: 2025-10-01 10:03:00+00:00\n- Score: 0.0329\n- Risk: LOW\n- Key contributors: login_failed_count_15m(-0.068), login_failed(+0.004), conn_suspicious(+0.000), process.command_line_entropy(+0.000), login_failed_count_1m(+0.000)\n\n## Observations\n- Host: host-a, User: bob\n- SrcIP: 10.0.0.13, DstIP: None\n\n## Recommended actions\n- Triage related events \u00b15m.\n- Validate user/session and process lineage.\n- Contain host if malicious indicators confirmed.\n"
}