{
  "created_at": "2025-10-04T01:00:14.915898Z",
  "risk_level": "LOW",
  "score": 0.03537665042899252,
  "reason": "login_failed(+0.004), conn_suspicious(+0.000), process.command_line_entropy(+0.000), login_failed_count_1m(+0.000), login_failed_rate_1m(+0.000)",
  "iocs": [
    {
      "type": "host.name",
      "value": "workstation01"
    }
  ],
  "actions": [
    "Review correlated events in the provided context.",
    "Verify account activity and process tree.",
    "Isolate endpoint if needed; rotate credentials."
  ],
  "markdown": "# AI Alert Analysis\n\n- Time: 2025-01-15 10:32:00+00:00\n- Score: 0.0354\n- Risk: LOW\n- Key contributors: login_failed(+0.004), conn_suspicious(+0.000), process.command_line_entropy(+0.000), login_failed_count_1m(+0.000), login_failed_rate_1m(+0.000)\n\n## Observations\n- Host: workstation01, User: None\n- SrcIP: None, DstIP: None\n\n## Recommended actions\n- Triage related events \u00b15m.\n- Validate user/session and process lineage.\n- Contain host if malicious indicators confirmed.\n"
}