{
  "created_at": "2025-10-26T10:21:42.640499Z",
  "operator": "unknown",
  "env": {
    "hostname": "DESKTOP-JJ6C7C9",
    "platform": "Windows-11-10.0.26100-SP0",
    "app_env": "development",
    "tz": "UTC"
  },
  "inputs": [
    {
      "path": "F:\\GR17_SIEM_AI\\loganom-ai-demo\\data\\scores\\scores.parquet",
      "sha256": "7800d3fdadc21db15f5b3df294c2d91099132f0b58c3e0d3245bb7a609613ea2",
      "size": 74787
    },
    {
      "path": "F:\\GR17_SIEM_AI\\loganom-ai-demo\\data\\features\\features.parquet",
      "sha256": "622f626c5c4a88456b75fc5c655e854ca744184c7b9d5c691af0162312fac74d",
      "size": 62637
    },
    {
      "path": "F:\\GR17_SIEM_AI\\loganom-ai-demo\\data\\ecs_parquet\\syslog_auth\\dt=2025-03-28\\part.parquet",
      "sha256": "6d9b9af67b0b6954cb98dcd97e2cc305f7c6fa495376ec1ffcee946bbec1753d",
      "size": 9382
    },
    {
      "path": "F:\\GR17_SIEM_AI\\loganom-ai-demo\\data\\ecs_parquet\\syslog_auth\\dt=2025-04-03\\part.parquet",
      "sha256": "3c9c95cd9bbef23a8f472ff82b7c9ffc6da4b63f6efb481b312e177a365cee12",
      "size": 10800
    },
    {
      "path": "F:\\GR17_SIEM_AI\\loganom-ai-demo\\data\\ecs_parquet\\syslog_auth\\dt=2025-10-26\\part.parquet",
      "sha256": "a15b39a85ae03f039233046d12dd4101092e74c23d74b93179dce5b8e7dd8ff5",
      "size": 113423
    }
  ],
  "outputs": [
    {
      "path": "F:\\GR17_SIEM_AI\\loganom-ai-demo\\bundles\\tmp_alert_1\\raw_logs.jsonl",
      "sha256": "50f81d7d55dc811de5337596ce5e761dca3dc6faa1e6d8192e5e19b2ca2f6a2a",
      "size": 125138
    },
    {
      "path": "F:\\GR17_SIEM_AI\\loganom-ai-demo\\bundles\\tmp_alert_1\\features.json",
      "sha256": "1519c642f67fc03c8deb502dccfa22e0437bf7fd8147e114acc63b02982b21f1",
      "size": 685
    },
    {
      "path": "F:\\GR17_SIEM_AI\\loganom-ai-demo\\bundles\\tmp_alert_1\\shap_explanation.json",
      "sha256": "371bc2cd87ddc1e1009a62892a097ba8fa225723ef9787b87a48e26a3f02f72f",
      "size": 469
    },
    {
      "path": "F:\\GR17_SIEM_AI\\loganom-ai-demo\\bundles\\tmp_alert_1\\model_meta.json",
      "sha256": "ed30e430b6da5374a345d435274d29514ccf507aeec94277f9d188bcffa12682",
      "size": 266
    },
    {
      "path": "F:\\GR17_SIEM_AI\\loganom-ai-demo\\bundles\\tmp_alert_1\\ai_analysis.json",
      "sha256": "0b4e50be7f0be99829d5a4caba539d9e2c8955dc75e6c6edb38ec1f0005efc9c",
      "size": 1882
    },
    {
      "path": "F:\\GR17_SIEM_AI\\loganom-ai-demo\\bundles\\tmp_alert_1\\ai_analysis.md",
      "sha256": "e3b0c44298fc1c149afbf4c8996fb92427ae41e4649b934ca495991b7852b855",
      "size": 0
    },
    {
      "path": "F:\\GR17_SIEM_AI\\loganom-ai-demo\\bundles\\tmp_alert_1\\evidence_manifest.json",
      "sha256": "d4968b4415878634a55de233b6868be85b14d49c4f8c54d5b4d1274dfc81d8d3",
      "size": 675
    }
  ]
}