[
  {
    "path": "F:\\GR17_SIEM_AI\\loganom-ai-demo\\data\\ecs_parquet\\syslog_auth\\dt=2025-03-28\\part.parquet",
    "sha256": "6d9b9af67b0b6954cb98dcd97e2cc305f7c6fa495376ec1ffcee946bbec1753d",
    "size": 9382
  },
  {
    "path": "F:\\GR17_SIEM_AI\\loganom-ai-demo\\data\\ecs_parquet\\syslog_auth\\dt=2025-04-03\\part.parquet",
    "sha256": "3c9c95cd9bbef23a8f472ff82b7c9ffc6da4b63f6efb481b312e177a365cee12",
    "size": 10800
  },
  {
    "path": "F:\\GR17_SIEM_AI\\loganom-ai-demo\\data\\ecs_parquet\\syslog_auth\\dt=2025-10-26\\part.parquet",
    "sha256": "a15b39a85ae03f039233046d12dd4101092e74c23d74b93179dce5b8e7dd8ff5",
    "size": 113423
  }
]