{
  "@timestamp": "2025-10-01 10:03:00+00:00",
  "host.name": "host-a",
  "user.name": "bob",
  "source.ip": "10.0.0.13",
  "destination.ip": null,
  "session.id": 3,
  "login_failed": 0,
  "conn_suspicious": 0,
  "process.command_line_entropy": 0.9182958340544896,
  "login_failed_count_1m": 3.0,
  "conn_suspicious_count_1m": 0.0,
  "login_failed_count_5m": 3.0,
  "conn_suspicious_count_5m": 0.0,
  "login_failed_count_15m": 3.0,
  "conn_suspicious_count_15m": 0.0,
  "anom.score": 0.03561844265105901
}