{
  "@timestamp": "2025-10-26 00:58:20+00:00",
  "host.name": "unknown",
  "user.name": "unknown",
  "source.ip": null,
  "destination.ip": null,
  "session.id": 6,
  "login_failed": 1,
  "conn_suspicious": 0,
  "text_entropy": 2.0,
  "process.command_line_entropy": 2.0,
  "message_entropy": 3.952819531114783,
  "cbs_failed": 1,
  "login_failed_count_1m": 0.0,
  "conn_suspicious_count_1m": 0.0,
  "cbs_failed_count_1m": 0.0,
  "login_failed_count_5m": 0.0,
  "conn_suspicious_count_5m": 0.0,
  "cbs_failed_count_5m": 3.0,
  "login_failed_count_15m": 0.0,
  "conn_suspicious_count_15m": 0.0,
  "cbs_failed_count_15m": 3.0,
  "anom.score": 0.12045457883045041
}