{
  "risk_level": "LOW",
  "score": 0.3270933576391764,
  "reason": "**Risk:** LOW\n\n**Rationale:**  \nRepetitive Component-Based Servicing (CBS) log errors (CBS_E_MANIFEST_INVALID_ITEM) during Windows Update sessions indicate corrupted update manifests or software distribution cache issues\u2014common in patch management. No signs of malicious execution, lateral movement, or compromised entities (host/user/src/dst unknown). Low score (0.33) aligns with typical system noise.\n\n**Recommended Actions:**  \n1. **Validate Windows Update integrity**: Run `sfc /scannow` and `DISM /Online /Cleanup-Image /RestoreHealth` on affected hosts.  \n2. **Clear update cache**: Reset the SoftwareDistribution folder to force update reacquisition.  \n3. **Monitor update behavior**: Check for recurring failures or associated security alerts (e.g., unexpected processes). Escalate if errors coincide with anomalous network or user activity.",
  "iocs": [
    {
      "type": "host.name",
      "value": "unknown"
    },
    {
      "type": "user.name",
      "value": "unknown"
    },
    {
      "type": "source.ip",
      "value": null
    },
    {
      "type": "destination.ip",
      "value": null
    }
  ],
  "actions": [
    "Review correlated events in the provided context.",
    "Verify account activity and process tree.",
    "Contain endpoint if malicious indicators are confirmed."
  ],
  "raw_text": "**Risk:** LOW\n\n**Rationale:**  \nRepetitive Component-Based Servicing (CBS) log errors (CBS_E_MANIFEST_INVALID_ITEM) during Windows Update sessions indicate corrupted update manifests or software distribution cache issues\u2014common in patch management. No signs of malicious execution, lateral movement, or compromised entities (host/user/src/dst unknown). Low score (0.33) aligns with typical system noise.\n\n**Recommended Actions:**  \n1. **Validate Windows Update integrity**: Run `sfc /scannow` and `DISM /Online /Cleanup-Image /RestoreHealth` on affected hosts.  \n2. **Clear update cache**: Reset the SoftwareDistribution folder to force update reacquisition.  \n3. **Monitor update behavior**: Check for recurring failures or associated security alerts (e.g., unexpected processes). Escalate if errors coincide with anomalous network or user activity.",
  "provider": "deepseek",
  "alert_time": "2015-05-18 07:16:51+00:00"
}