{
  "@timestamp": "2015-05-18 07:16:51+00:00",
  "host.name": "unknown",
  "user.name": "unknown",
  "source.ip": null,
  "destination.ip": null,
  "session.id": 27,
  "login_failed": 1,
  "conn_suspicious": 0,
  "process.command_line_entropy": 2.0,
  "login_failed_count_1m": 0.0,
  "conn_suspicious_count_1m": 0.0,
  "login_failed_count_5m": 0.0,
  "conn_suspicious_count_5m": 0.0,
  "login_failed_count_15m": 0.0,
  "conn_suspicious_count_15m": 0.0,
  "anom.score": 0.3270933576391764
}