{
  "risk_level": "LOW",
  "score": 0.3270933576391764,
  "reason": "**1) M\u1ee9c r\u1ee7i ro:** LOW  \n**2) L\u00fd do:** L\u1ed7i Windows Update (CBS) do manifest file kh\u00f4ng h\u1ee3p l\u1ec7, kh\u00f4ng c\u00f3 d\u1ea5u hi\u1ec7u t\u1ea5n c\u00f4ng. \u0110i\u1ec3m b\u1ea5t th\u01b0\u1eddng th\u1ea5p (0.32).  \n**3) H\u00e0nh \u0111\u1ed9ng khuy\u1ebfn ngh\u1ecb:**  \n- Ch\u1ea1y Windows Update Troubleshooter:  \n  ```powershell\n  msdt.exe /id WindowsUpdateDiagnostic\n  ```  \n- Reset components Windows Update:  \n  ```powershell\n  Stop-Service wuauserv; Rename-Item C:\\Windows\\SoftwareDistribution SoftwareDistribution.old; Start-Service wuauserv\n  ```  \n- Ki\u1ec3m tra file h\u1ec7 th\u1ed1ng:  \n  ```powershell\n  sfc /scannow\n  ```",
  "iocs": [
    {
      "type": "host.name",
      "value": "unknown"
    },
    {
      "type": "user.name",
      "value": "unknown"
    },
    {
      "type": "source.ip",
      "value": null
    },
    {
      "type": "destination.ip",
      "value": null
    }
  ],
  "actions": [
    "T\u1ea1m kh\u00f3a t\u00e0i kho\u1ea3n c\u1ee5c b\u1ed9: net user unknown /active:no  (Domain: Disable-ADAccount -Identity unknown)",
    "Bu\u1ed9c \u0111\u1ed5i m\u1eadt kh\u1ea9u: Set-ADAccountPassword -Identity unknown -Reset -NewPassword (Read-Host -AsSecureString)  (n\u1ebfu l\u00e0 t\u00e0i kho\u1ea3n AD)",
    "C\u00e1ch ly endpoint b\u1eb1ng Firewall (ch\u1ea1y t\u1ea1i m\u00e1y ho\u1eb7c qua RMM): Set-NetFirewallProfile -Profile Domain,Public,Private -DefaultInboundAction Block -DefaultOutboundAction Block; New-NetFirewallRule -DisplayName \"Allow RDP\" -Direction Inbound -Protocol TCP -LocalPort 3389 -Action Allow",
    "K\u00edch ho\u1ea1t qu\u00e9t Defender: Start-MpScan -ScanType QuickScan  (FullScan n\u1ebfu c\u1ea7n)",
    "Thu th\u1eadp log s\u1ef1 ki\u1ec7n: wevtutil epl Security C:\\Temp\\Security.evtx /ow:true; wevtutil epl System C:\\Temp\\System.evtx /ow:true",
    "R\u00fat quy\u1ec1n admin t\u1ea1m th\u1eddi kh\u1ecfi user nghi v\u1ea5n (Local Administrators/Groups).",
    "Theo d\u00f5i log \u00b15 ph\u00fat quanh th\u1eddi \u0111i\u1ec3m v\u00e0 c\u00e1c \u0111\u0103ng nh\u1eadp/ti\u1ebfn tr\u00ecnh b\u1ea5t th\u01b0\u1eddng li\u00ean quan; \u0111\u00f3ng rule ch\u1eb7n khi \u0111\u00e3 x\u00e1c minh an to\u00e0n."
  ],
  "raw_text": "**1) M\u1ee9c r\u1ee7i ro:** LOW  \n**2) L\u00fd do:** L\u1ed7i Windows Update (CBS) do manifest file kh\u00f4ng h\u1ee3p l\u1ec7, kh\u00f4ng c\u00f3 d\u1ea5u hi\u1ec7u t\u1ea5n c\u00f4ng. \u0110i\u1ec3m b\u1ea5t th\u01b0\u1eddng th\u1ea5p (0.32).  \n**3) H\u00e0nh \u0111\u1ed9ng khuy\u1ebfn ngh\u1ecb:**  \n- Ch\u1ea1y Windows Update Troubleshooter:  \n  ```powershell\n  msdt.exe /id WindowsUpdateDiagnostic\n  ```  \n- Reset components Windows Update:  \n  ```powershell\n  Stop-Service wuauserv; Rename-Item C:\\Windows\\SoftwareDistribution SoftwareDistribution.old; Start-Service wuauserv\n  ```  \n- Ki\u1ec3m tra file h\u1ec7 th\u1ed1ng:  \n  ```powershell\n  sfc /scannow\n  ```",
  "provider": "deepseek",
  "alert_time": "2016-08-05 00:35:38+00:00"
}