{
  "risk_level": "LOW",
  "score": 0.3270933576391764,
  "reason": "1) M\u1ee8C R\u1ee6I RO: LOW\n\n2) L\u00dd DO: L\u1ed7i Windows Update Agent th\u00f4ng th\u01b0\u1eddng (CBS_E_MANIFEST_INVALID_ITEM) - kh\u00f4ng c\u00f3 d\u1ea5u hi\u1ec7u t\u1ea5n c\u00f4ng m\u1ea1ng\n\n3) H\u00c0NH \u0110\u1ed8NG:\n- Ch\u1ea1y Windows Update Troubleshooter \u0111\u1ec3 s\u1eeda l\u1ed7i c\u1eadp nh\u1eadt\n- Qu\u00e9t file h\u1ec7 th\u1ed1ng: m\u1edf cmd as admin \u2192 \"sfc /scannow\"\n- Ki\u1ec3m tra b\u1ea3n c\u1eadp nh\u1eadt Windows th\u1ee7 c\u00f4ng qua Settings",
  "iocs": [
    {
      "type": "host.name",
      "value": "unknown"
    },
    {
      "type": "user.name",
      "value": "unknown"
    },
    {
      "type": "source.ip",
      "value": null
    },
    {
      "type": "destination.ip",
      "value": null
    }
  ],
  "actions": [
    "R\u00e0 so\u00e1t s\u1ef1 ki\u1ec7n li\u00ean quan trong khung th\u1eddi gian \u00b15 ph\u00fat.",
    "X\u00e1c minh ng\u01b0\u1eddi d\u00f9ng/phi\u00ean v\u00e0 chu\u1ed7i ti\u1ebfn tr\u00ecnh.",
    "C\u00e1ch ly thi\u1ebft b\u1ecb n\u1ebfu ph\u00e1t hi\u1ec7n ch\u1ec9 d\u1ea5u \u0111\u1ed9c h\u1ea1i."
  ],
  "raw_text": "1) M\u1ee8C R\u1ee6I RO: LOW\n\n2) L\u00dd DO: L\u1ed7i Windows Update Agent th\u00f4ng th\u01b0\u1eddng (CBS_E_MANIFEST_INVALID_ITEM) - kh\u00f4ng c\u00f3 d\u1ea5u hi\u1ec7u t\u1ea5n c\u00f4ng m\u1ea1ng\n\n3) H\u00c0NH \u0110\u1ed8NG:\n- Ch\u1ea1y Windows Update Troubleshooter \u0111\u1ec3 s\u1eeda l\u1ed7i c\u1eadp nh\u1eadt\n- Qu\u00e9t file h\u1ec7 th\u1ed1ng: m\u1edf cmd as admin \u2192 \"sfc /scannow\"\n- Ki\u1ec3m tra b\u1ea3n c\u1eadp nh\u1eadt Windows th\u1ee7 c\u00f4ng qua Settings",
  "provider": "deepseek",
  "alert_time": "2016-06-12 22:02:56+00:00"
}