{
  "@timestamp": "2015-09-07 03:03:24+00:00",
  "host.name": null,
  "user.name": null,
  "source.ip": null,
  "destination.ip": null,
  "session.id": 2262,
  "login_failed": 0,
  "conn_suspicious": 0,
  "process.command_line_entropy": 2.0,
  "login_failed_count_1m": NaN,
  "login_failed_rate_1m": NaN,
  "conn_suspicious_count_1m": NaN,
  "conn_suspicious_rate_1m": NaN,
  "login_failed_count_5m": NaN,
  "login_failed_rate_5m": NaN,
  "conn_suspicious_count_5m": NaN,
  "conn_suspicious_rate_5m": NaN,
  "login_failed_count_15m": NaN,
  "login_failed_rate_15m": NaN,
  "conn_suspicious_count_15m": NaN,
  "conn_suspicious_rate_15m": NaN,
  "anom.score": 0.03537665042899252
}