{
  "created_at": "2025-10-26T10:22:11.819419Z",
  "operator": "unknown",
  "env": {
    "hostname": "DESKTOP-JJ6C7C9",
    "platform": "Windows-11-10.0.26100-SP0",
    "app_env": "development",
    "tz": "UTC"
  },
  "inputs": [
    {
      "path": "F:\\GR17_SIEM_AI\\loganom-ai-demo\\data\\scores\\scores.parquet",
      "sha256": "7800d3fdadc21db15f5b3df294c2d91099132f0b58c3e0d3245bb7a609613ea2",
      "size": 74787
    },
    {
      "path": "F:\\GR17_SIEM_AI\\loganom-ai-demo\\data\\features\\features.parquet",
      "sha256": "622f626c5c4a88456b75fc5c655e854ca744184c7b9d5c691af0162312fac74d",
      "size": 62637
    },
    {
      "path": "F:\\GR17_SIEM_AI\\loganom-ai-demo\\data\\ecs_parquet\\syslog_auth\\dt=2025-03-28\\part.parquet",
      "sha256": "6d9b9af67b0b6954cb98dcd97e2cc305f7c6fa495376ec1ffcee946bbec1753d",
      "size": 9382
    },
    {
      "path": "F:\\GR17_SIEM_AI\\loganom-ai-demo\\data\\ecs_parquet\\syslog_auth\\dt=2025-04-03\\part.parquet",
      "sha256": "3c9c95cd9bbef23a8f472ff82b7c9ffc6da4b63f6efb481b312e177a365cee12",
      "size": 10800
    },
    {
      "path": "F:\\GR17_SIEM_AI\\loganom-ai-demo\\data\\ecs_parquet\\syslog_auth\\dt=2025-10-26\\part.parquet",
      "sha256": "a15b39a85ae03f039233046d12dd4101092e74c23d74b93179dce5b8e7dd8ff5",
      "size": 113423
    }
  ],
  "outputs": [
    {
      "path": "F:\\GR17_SIEM_AI\\loganom-ai-demo\\bundles\\tmp_alert_4\\raw_logs.jsonl",
      "sha256": "3474bb0a793c5e76e02afbbadac0b39bf0398334ec83afa7ccee340bd48c5f81",
      "size": 16030
    },
    {
      "path": "F:\\GR17_SIEM_AI\\loganom-ai-demo\\bundles\\tmp_alert_4\\features.json",
      "sha256": "cc0414e8737e62f2e01bd9d4f011b4861d169cd1342ba96effa529ed69afe7cc",
      "size": 685
    },
    {
      "path": "F:\\GR17_SIEM_AI\\loganom-ai-demo\\bundles\\tmp_alert_4\\shap_explanation.json",
      "sha256": "5380759cf518ee54303d729e9866a68bdfd7fcdb7ce896b2725509ab8c7635e0",
      "size": 474
    },
    {
      "path": "F:\\GR17_SIEM_AI\\loganom-ai-demo\\bundles\\tmp_alert_4\\model_meta.json",
      "sha256": "352183aa8870e7b87eca1657ee814e3df0638d9c3b351b6d294e84b63011a4c3",
      "size": 266
    },
    {
      "path": "F:\\GR17_SIEM_AI\\loganom-ai-demo\\bundles\\tmp_alert_4\\ai_analysis.json",
      "sha256": "0dfe194dd87c33e8cdad55353632a069e9ecb92338c2290b2fc862b01c951365",
      "size": 1882
    },
    {
      "path": "F:\\GR17_SIEM_AI\\loganom-ai-demo\\bundles\\tmp_alert_4\\ai_analysis.md",
      "sha256": "e3b0c44298fc1c149afbf4c8996fb92427ae41e4649b934ca495991b7852b855",
      "size": 0
    },
    {
      "path": "F:\\GR17_SIEM_AI\\loganom-ai-demo\\bundles\\tmp_alert_4\\evidence_manifest.json",
      "sha256": "d4968b4415878634a55de233b6868be85b14d49c4f8c54d5b4d1274dfc81d8d3",
      "size": 675
    }
  ]
}