{
  "@timestamp": "2025-04-03 18:51:38+00:00",
  "host.name": "unknown",
  "user.name": "unknown",
  "source.ip": null,
  "destination.ip": null,
  "session.id": 2,
  "login_failed": 1,
  "conn_suspicious": 0,
  "text_entropy": 2.0,
  "process.command_line_entropy": 2.0,
  "message_entropy": 4.792887081627915,
  "cbs_failed": 1,
  "login_failed_count_1m": 0.0,
  "conn_suspicious_count_1m": 0.0,
  "cbs_failed_count_1m": 5.0,
  "login_failed_count_5m": 0.0,
  "conn_suspicious_count_5m": 0.0,
  "cbs_failed_count_5m": 5.0,
  "login_failed_count_15m": 0.0,
  "conn_suspicious_count_15m": 0.0,
  "cbs_failed_count_15m": 5.0,
  "anom.score": 0.09328231943445087
}