{
  "risk_level": "LOW",
  "score": 0.3270933576391764,
  "reason": "**Risk:** LOW\n\n**Rationale:**  \nRepetitive Component-Based Servicing (CBS) log errors related to Windows Update manifest parsing. Common during patch installation failures or corrupted update packages. No signs of malicious activity, lateral movement, or system compromise. Low alert score (0.33) aligns with benign system noise.\n\n**Recommended Actions:**  \n1. **Verify Windows Update integrity** \u2013 Check for failed/corrupted updates in Update History; attempt update troubleshooting.  \n2. **Monitor for persistence** \u2013 Ensure errors resolve after reboot/retry; escalate if anomalous patterns continue.  \n3. **Correlate with endpoint alerts** \u2013 Review host for unrelated security detections to rule out blended threats.  \n\n*No immediate response required; treat as operational issue unless additional indicators emerge.*",
  "iocs": [
    {
      "type": "host.name",
      "value": "unknown"
    },
    {
      "type": "user.name",
      "value": "unknown"
    },
    {
      "type": "source.ip",
      "value": null
    },
    {
      "type": "destination.ip",
      "value": null
    }
  ],
  "actions": [
    "Review correlated events in the provided context.",
    "Verify account activity and process tree.",
    "Contain endpoint if malicious indicators are confirmed."
  ],
  "raw_text": "**Risk:** LOW\n\n**Rationale:**  \nRepetitive Component-Based Servicing (CBS) log errors related to Windows Update manifest parsing. Common during patch installation failures or corrupted update packages. No signs of malicious activity, lateral movement, or system compromise. Low alert score (0.33) aligns with benign system noise.\n\n**Recommended Actions:**  \n1. **Verify Windows Update integrity** \u2013 Check for failed/corrupted updates in Update History; attempt update troubleshooting.  \n2. **Monitor for persistence** \u2013 Ensure errors resolve after reboot/retry; escalate if anomalous patterns continue.  \n3. **Correlate with endpoint alerts** \u2013 Review host for unrelated security detections to rule out blended threats.  \n\n*No immediate response required; treat as operational issue unless additional indicators emerge.*",
  "provider": "deepseek",
  "alert_time": "2016-05-08 08:40:07+00:00"
}