{
  "created_at": "2025-10-24T07:32:56.138674Z",
  "risk_level": "LOW",
  "score": 0.3270933576391764,
  "reason": "login_failed(-7.665), conn_suspicious(+0.000), process.command_line_entropy(+0.000), login_failed_count_1m(+0.000), conn_suspicious_count_1m(+0.000)",
  "iocs": [
    {
      "type": "host.name",
      "value": "unknown"
    },
    {
      "type": "user.name",
      "value": "unknown"
    }
  ],
  "actions": [
    "Review correlated events in the provided context.",
    "Verify account activity and process tree.",
    "Isolate endpoint if needed; rotate credentials."
  ],
  "markdown": "# AI Alert Analysis\n\n- Time: 2016-02-20 17:58:40+00:00\n- Score: 0.3271\n- Risk: LOW\n- Key contributors: login_failed(-7.665), conn_suspicious(+0.000), process.command_line_entropy(+0.000), login_failed_count_1m(+0.000), conn_suspicious_count_1m(+0.000)\n\n## Observations\n- Host: unknown, User: unknown\n- SrcIP: None, DstIP: None\n\n## Recommended actions\n- Triage related events \u00b15m.\n- Validate user/session and process lineage.\n- Contain host if malicious indicators confirmed.\n"
}